<?xml version="1.0" encoding="ISO-8859-1" ?>
<link_info>
   <banner>TI ARM Linker PC v20.2.1.LTS</banner>
   <copyright>Copyright (c) 1996-2018 Texas Instruments Incorporated</copyright>
   <link_time>0x61722fff</link_time>
   <link_errors>0x0</link_errors>
   <output_file>EJERCICIO_1_U2_PARPADEO.out</output_file>
   <entry_point>
      <name>_c_int00_noargs</name>
      <address>0x9c9</address>
   </entry_point>
   <input_file_list>
      <input_file id="fl-2">
         <path>.\</path>
         <kind>object</kind>
         <file>main.obj</file>
         <name>main.obj</name>
      </input_file>
      <input_file id="fl-3">
         <path>.\</path>
         <kind>object</kind>
         <file>startup_msp432p401r_ccs.obj</file>
         <name>startup_msp432p401r_ccs.obj</name>
      </input_file>
      <input_file id="fl-4">
         <path>.\</path>
         <kind>object</kind>
         <file>system_msp432p401r.obj</file>
         <name>system_msp432p401r.obj</name>
      </input_file>
      <input_file id="fl-5">
         <path>.\Drivers\</path>
         <kind>object</kind>
         <file>GPIO_MSP432.obj</file>
         <name>GPIO_MSP432.obj</name>
      </input_file>
      <input_file id="fl-9">
         <kind>object</kind>
         <file>&lt;internal&gt;</file>
         <name>&lt;internal&gt;</name>
      </input_file>
      <input_file id="fl-bf">
         <path>C:\ti_v10_1\ccs\tools\compiler\ti-cgt-arm_20.2.1.LTS\lib\</path>
         <kind>archive</kind>
         <file>rtsv7M4_T_le_v4SPD16_eabi.lib</file>
         <name>copy_zero_init.c.obj</name>
      </input_file>
      <input_file id="fl-c0">
         <path>C:\ti_v10_1\ccs\tools\compiler\ti-cgt-arm_20.2.1.LTS\lib\</path>
         <kind>archive</kind>
         <file>rtsv7M4_T_le_v4SPD16_eabi.lib</file>
         <name>copy_decompress_none.c.obj</name>
      </input_file>
      <input_file id="fl-c1">
         <path>C:\ti_v10_1\ccs\tools\compiler\ti-cgt-arm_20.2.1.LTS\lib\</path>
         <kind>archive</kind>
         <file>rtsv7M4_T_le_v4SPD16_eabi.lib</file>
         <name>copy_decompress_lzss.c.obj</name>
      </input_file>
      <input_file id="fl-c2">
         <path>C:\ti_v10_1\ccs\tools\compiler\ti-cgt-arm_20.2.1.LTS\lib\</path>
         <kind>archive</kind>
         <file>rtsv7M4_T_le_v4SPD16_eabi.lib</file>
         <name>boot_cortex_m.c.obj</name>
      </input_file>
      <input_file id="fl-c3">
         <path>C:\ti_v10_1\ccs\tools\compiler\ti-cgt-arm_20.2.1.LTS\lib\</path>
         <kind>archive</kind>
         <file>rtsv7M4_T_le_v4SPD16_eabi.lib</file>
         <name>memset_t2.asm.obj</name>
      </input_file>
      <input_file id="fl-c4">
         <path>C:\ti_v10_1\ccs\tools\compiler\ti-cgt-arm_20.2.1.LTS\lib\</path>
         <kind>archive</kind>
         <file>rtsv7M4_T_le_v4SPD16_eabi.lib</file>
         <name>memcpy_t2.asm.obj</name>
      </input_file>
      <input_file id="fl-c5">
         <path>C:\ti_v10_1\ccs\tools\compiler\ti-cgt-arm_20.2.1.LTS\lib\</path>
         <kind>archive</kind>
         <file>rtsv7M4_T_le_v4SPD16_eabi.lib</file>
         <name>autoinit.c.obj</name>
      </input_file>
      <input_file id="fl-c6">
         <path>C:\ti_v10_1\ccs\tools\compiler\ti-cgt-arm_20.2.1.LTS\lib\</path>
         <kind>archive</kind>
         <file>rtsv7M4_T_le_v4SPD16_eabi.lib</file>
         <name>pre_init.c.obj</name>
      </input_file>
      <input_file id="fl-c7">
         <path>C:\ti_v10_1\ccs\tools\compiler\ti-cgt-arm_20.2.1.LTS\lib\</path>
         <kind>archive</kind>
         <file>rtsv7M4_T_le_v4SPD16_eabi.lib</file>
         <name>cpy_tbl.c.obj</name>
      </input_file>
      <input_file id="fl-c8">
         <path>C:\ti_v10_1\ccs\tools\compiler\ti-cgt-arm_20.2.1.LTS\lib\</path>
         <kind>archive</kind>
         <file>rtsv7M4_T_le_v4SPD16_eabi.lib</file>
         <name>exit.c.obj</name>
      </input_file>
      <input_file id="fl-c9">
         <path>C:\ti_v10_1\ccs\tools\compiler\ti-cgt-arm_20.2.1.LTS\lib\</path>
         <kind>archive</kind>
         <file>rtsv7M4_T_le_v4SPD16_eabi.lib</file>
         <name>_lock.c.obj</name>
      </input_file>
      <input_file id="fl-ca">
         <path>C:\ti_v10_1\ccs\tools\compiler\ti-cgt-arm_20.2.1.LTS\lib\</path>
         <kind>archive</kind>
         <file>rtsv7M4_T_le_v4SPD16_eabi.lib</file>
         <name>args_main.c.obj</name>
      </input_file>
   </input_file_list>
   <object_component_list>
      <object_component id="oc-26">
         <name>.intvecs:retain</name>
         <load_address>0x0</load_address>
         <run_address>0x0</run_address>
         <size>0xe4</size>
         <input_file_ref idref="fl-3"/>
      </object_component>
      <object_component id="oc-c3">
         <name>.text</name>
         <load_address>0xe4</load_address>
         <run_address>0xe4</run_address>
         <size>0x3d8</size>
         <input_file_ref idref="fl-5"/>
      </object_component>
      <object_component id="oc-a5">
         <name>.text</name>
         <load_address>0x4bc</load_address>
         <run_address>0x4bc</run_address>
         <size>0x334</size>
         <input_file_ref idref="fl-4"/>
      </object_component>
      <object_component id="oc-37">
         <name>.text</name>
         <load_address>0x7f0</load_address>
         <run_address>0x7f0</run_address>
         <size>0x9c</size>
         <input_file_ref idref="fl-c4"/>
      </object_component>
      <object_component id="oc-93">
         <name>.text</name>
         <load_address>0x88c</load_address>
         <run_address>0x88c</run_address>
         <size>0x90</size>
         <input_file_ref idref="fl-2"/>
      </object_component>
      <object_component id="oc-17">
         <name>.text:decompress:lzss:__TI_decompress_lzss</name>
         <load_address>0x91c</load_address>
         <run_address>0x91c</run_address>
         <size>0x68</size>
         <input_file_ref idref="fl-c1"/>
      </object_component>
      <object_component id="oc-db">
         <name>.text:__TI_auto_init_nobinit_nopinit:__TI_auto_init_nobinit_nopinit</name>
         <load_address>0x984</load_address>
         <run_address>0x984</run_address>
         <size>0x44</size>
         <input_file_ref idref="fl-c5"/>
      </object_component>
      <object_component id="oc-55">
         <name>.text:_c_int00_noargs:_c_int00_noargs</name>
         <load_address>0x9c8</load_address>
         <run_address>0x9c8</run_address>
         <size>0x34</size>
         <input_file_ref idref="fl-c2"/>
      </object_component>
      <object_component id="oc-1d">
         <name>.text:decompress:none:__TI_decompress_none</name>
         <load_address>0x9fc</load_address>
         <run_address>0x9fc</run_address>
         <size>0xe</size>
         <input_file_ref idref="fl-c0"/>
      </object_component>
      <object_component id="oc-67">
         <name>.text</name>
         <load_address>0xa0a</load_address>
         <run_address>0xa0a</run_address>
         <size>0xe</size>
         <input_file_ref idref="fl-3"/>
      </object_component>
      <object_component id="oc-8d">
         <name>.text:_system_pre_init</name>
         <load_address>0xa18</load_address>
         <run_address>0xa18</run_address>
         <size>0x4</size>
         <input_file_ref idref="fl-c6"/>
      </object_component>
      <object_component id="oc-cf">
         <name>.text:abort:abort</name>
         <load_address>0xa1c</load_address>
         <run_address>0xa1c</run_address>
         <size>0x4</size>
         <input_file_ref idref="fl-c8"/>
      </object_component>
      <object_component id="oc-11c">
         <name>.const:GPIO_PORT_TO_BASE</name>
         <load_address>0xa20</load_address>
         <run_address>0xa20</run_address>
         <size>0x30</size>
         <input_file_ref idref="fl-5"/>
      </object_component>
      <object_component id="oc-1c8">
         <name>.cinit..data.load</name>
         <load_address>0xa50</load_address>
         <run_address>0xa50</run_address>
         <size>0x8</size>
      </object_component>
      <object_component id="oc-1c6">
         <name>__TI_handler_table</name>
         <load_address>0xa58</load_address>
         <run_address>0xa58</run_address>
         <size>0x8</size>
      </object_component>
      <object_component id="oc-1c7">
         <name>__TI_cinit_table</name>
         <load_address>0xa60</load_address>
         <run_address>0xa60</run_address>
         <size>0x8</size>
      </object_component>
      <object_component id="oc-19a">
         <name>.binit</name>
         <load_address>0x0</load_address>
         <run_address>0x0</run_address>
         <size>0x0</size>
      </object_component>
      <object_component id="oc-10d">
         <name>.data</name>
         <load_address>0x20000000</load_address>
         <run_address>0x20000000</run_address>
         <size>0x4</size>
         <input_file_ref idref="fl-4"/>
      </object_component>
      <object_component id="oc-29">
         <name>.stack</name>
         <uninitialized>true</uninitialized>
         <run_address>0x2000fe00</run_address>
         <size>0x4</size>
         <input_file_ref idref="fl-c2"/>
      </object_component>
      <object_component id="oc-1ca">
         <name>.stack</name>
         <uninitialized>true</uninitialized>
         <run_address>0x2000fe00</run_address>
         <size>0x0</size>
      </object_component>
      <object_component id="oc-11b">
         <name>.debug_info</name>
         <load_address>0x0</load_address>
         <run_address>0x0</run_address>
         <size>0x5f8</size>
         <input_file_ref idref="fl-2"/>
      </object_component>
      <object_component id="oc-94">
         <name>.debug_info</name>
         <load_address>0x5f8</load_address>
         <run_address>0x5f8</run_address>
         <size>0x1a2</size>
         <input_file_ref idref="fl-2"/>
      </object_component>
      <object_component id="oc-149">
         <name>.debug_info</name>
         <load_address>0x79a</load_address>
         <run_address>0x79a</run_address>
         <size>0x37e2</size>
         <input_file_ref idref="fl-2"/>
      </object_component>
      <object_component id="oc-ae">
         <name>.debug_info</name>
         <load_address>0x3f7c</load_address>
         <run_address>0x3f7c</run_address>
         <size>0x26b</size>
         <input_file_ref idref="fl-2"/>
      </object_component>
      <object_component id="oc-14e">
         <name>.debug_info</name>
         <load_address>0x41e7</load_address>
         <run_address>0x41e7</run_address>
         <size>0x1055</size>
         <input_file_ref idref="fl-2"/>
      </object_component>
      <object_component id="oc-ca">
         <name>.debug_info</name>
         <load_address>0x523c</load_address>
         <run_address>0x523c</run_address>
         <size>0x8b</size>
         <input_file_ref idref="fl-2"/>
      </object_component>
      <object_component id="oc-116">
         <name>.debug_info</name>
         <load_address>0x52c7</load_address>
         <run_address>0x52c7</run_address>
         <size>0x2a4</size>
         <input_file_ref idref="fl-2"/>
      </object_component>
      <object_component id="oc-120">
         <name>.debug_info</name>
         <load_address>0x556b</load_address>
         <run_address>0x556b</run_address>
         <size>0xef</size>
         <input_file_ref idref="fl-2"/>
      </object_component>
      <object_component id="oc-111">
         <name>.debug_info</name>
         <load_address>0x565a</load_address>
         <run_address>0x565a</run_address>
         <size>0xbb</size>
         <input_file_ref idref="fl-2"/>
      </object_component>
      <object_component id="oc-158">
         <name>.debug_info</name>
         <load_address>0x5715</load_address>
         <run_address>0x5715</run_address>
         <size>0x362</size>
         <input_file_ref idref="fl-2"/>
      </object_component>
      <object_component id="oc-153">
         <name>.debug_info</name>
         <load_address>0x5a77</load_address>
         <run_address>0x5a77</run_address>
         <size>0x75</size>
         <input_file_ref idref="fl-2"/>
      </object_component>
      <object_component id="oc-181">
         <name>.debug_info</name>
         <load_address>0x5aec</load_address>
         <run_address>0x5aec</run_address>
         <size>0x4e</size>
         <input_file_ref idref="fl-2"/>
      </object_component>
      <object_component id="oc-6f">
         <name>.debug_info</name>
         <load_address>0x5b3a</load_address>
         <run_address>0x5b3a</run_address>
         <size>0x2d3</size>
         <input_file_ref idref="fl-3"/>
      </object_component>
      <object_component id="oc-27">
         <name>.debug_info</name>
         <load_address>0x5e0d</load_address>
         <run_address>0x5e0d</run_address>
         <size>0xff</size>
         <input_file_ref idref="fl-3"/>
      </object_component>
      <object_component id="oc-68">
         <name>.debug_info</name>
         <load_address>0x5f0c</load_address>
         <run_address>0x5f0c</run_address>
         <size>0x1c6</size>
         <input_file_ref idref="fl-3"/>
      </object_component>
      <object_component id="oc-32">
         <name>.debug_info</name>
         <load_address>0x60d2</load_address>
         <run_address>0x60d2</run_address>
         <size>0x84</size>
         <input_file_ref idref="fl-3"/>
      </object_component>
      <object_component id="oc-10e">
         <name>.debug_info</name>
         <load_address>0x6156</load_address>
         <run_address>0x6156</run_address>
         <size>0xf8</size>
         <input_file_ref idref="fl-4"/>
      </object_component>
      <object_component id="oc-a6">
         <name>.debug_info</name>
         <load_address>0x624e</load_address>
         <run_address>0x624e</run_address>
         <size>0x26a</size>
         <input_file_ref idref="fl-4"/>
      </object_component>
      <object_component id="oc-15f">
         <name>.debug_info</name>
         <load_address>0x64b8</load_address>
         <run_address>0x64b8</run_address>
         <size>0x5bc</size>
         <input_file_ref idref="fl-5"/>
      </object_component>
      <object_component id="oc-11d">
         <name>.debug_info</name>
         <load_address>0x6a74</load_address>
         <run_address>0x6a74</run_address>
         <size>0xfc</size>
         <input_file_ref idref="fl-5"/>
      </object_component>
      <object_component id="oc-c4">
         <name>.debug_info</name>
         <load_address>0x6b70</load_address>
         <run_address>0x6b70</run_address>
         <size>0xd86</size>
         <input_file_ref idref="fl-5"/>
      </object_component>
      <object_component id="oc-42">
         <name>.debug_info</name>
         <load_address>0x78f6</load_address>
         <run_address>0x78f6</run_address>
         <size>0x2a8</size>
         <input_file_ref idref="fl-c0"/>
      </object_component>
      <object_component id="oc-21">
         <name>.debug_info</name>
         <load_address>0x7b9e</load_address>
         <run_address>0x7b9e</run_address>
         <size>0x1ea</size>
         <input_file_ref idref="fl-c0"/>
      </object_component>
      <object_component id="oc-3d">
         <name>.debug_info</name>
         <load_address>0x7d88</load_address>
         <run_address>0x7d88</run_address>
         <size>0x46</size>
         <input_file_ref idref="fl-c0"/>
      </object_component>
      <object_component id="oc-79">
         <name>.debug_info</name>
         <load_address>0x7dce</load_address>
         <run_address>0x7dce</run_address>
         <size>0x2c</size>
         <input_file_ref idref="fl-c0"/>
      </object_component>
      <object_component id="oc-77">
         <name>.debug_info</name>
         <load_address>0x7dfa</load_address>
         <run_address>0x7dfa</run_address>
         <size>0x29e</size>
         <input_file_ref idref="fl-c1"/>
      </object_component>
      <object_component id="oc-18">
         <name>.debug_info</name>
         <load_address>0x8098</load_address>
         <run_address>0x8098</run_address>
         <size>0x250</size>
         <input_file_ref idref="fl-c1"/>
      </object_component>
      <object_component id="oc-2d">
         <name>.debug_info</name>
         <load_address>0x82e8</load_address>
         <run_address>0x82e8</run_address>
         <size>0x60</size>
         <input_file_ref idref="fl-c1"/>
      </object_component>
      <object_component id="oc-b3">
         <name>.debug_info</name>
         <load_address>0x8348</load_address>
         <run_address>0x8348</run_address>
         <size>0x46</size>
         <input_file_ref idref="fl-c1"/>
      </object_component>
      <object_component id="oc-72">
         <name>.debug_info</name>
         <load_address>0x838e</load_address>
         <run_address>0x838e</run_address>
         <size>0x39</size>
         <input_file_ref idref="fl-c1"/>
      </object_component>
      <object_component id="oc-2a">
         <name>.debug_info</name>
         <load_address>0x83c7</load_address>
         <run_address>0x83c7</run_address>
         <size>0x10b</size>
         <input_file_ref idref="fl-c2"/>
      </object_component>
      <object_component id="oc-59">
         <name>.debug_info</name>
         <load_address>0x84d2</load_address>
         <run_address>0x84d2</run_address>
         <size>0x1a9</size>
         <input_file_ref idref="fl-c2"/>
      </object_component>
      <object_component id="oc-3a">
         <name>.debug_info</name>
         <load_address>0x867b</load_address>
         <run_address>0x867b</run_address>
         <size>0x119</size>
         <input_file_ref idref="fl-c4"/>
      </object_component>
      <object_component id="oc-130">
         <name>.debug_info</name>
         <load_address>0x8794</load_address>
         <run_address>0x8794</run_address>
         <size>0x4b3</size>
         <input_file_ref idref="fl-c5"/>
      </object_component>
      <object_component id="oc-dc">
         <name>.debug_info</name>
         <load_address>0x8c47</load_address>
         <run_address>0x8c47</run_address>
         <size>0x1a6</size>
         <input_file_ref idref="fl-c5"/>
      </object_component>
      <object_component id="oc-170">
         <name>.debug_info</name>
         <load_address>0x8ded</load_address>
         <run_address>0x8ded</run_address>
         <size>0x39</size>
         <input_file_ref idref="fl-c5"/>
      </object_component>
      <object_component id="oc-18b">
         <name>.debug_info</name>
         <load_address>0x8e26</load_address>
         <run_address>0x8e26</run_address>
         <size>0x39</size>
         <input_file_ref idref="fl-c5"/>
      </object_component>
      <object_component id="oc-175">
         <name>.debug_info</name>
         <load_address>0x8e5f</load_address>
         <run_address>0x8e5f</run_address>
         <size>0x39</size>
         <input_file_ref idref="fl-c5"/>
      </object_component>
      <object_component id="oc-17a">
         <name>.debug_info</name>
         <load_address>0x8e98</load_address>
         <run_address>0x8e98</run_address>
         <size>0xcd</size>
         <input_file_ref idref="fl-c5"/>
      </object_component>
      <object_component id="oc-8e">
         <name>.debug_info</name>
         <load_address>0x8f65</load_address>
         <run_address>0x8f65</run_address>
         <size>0x153</size>
         <input_file_ref idref="fl-c6"/>
      </object_component>
      <object_component id="oc-d1">
         <name>.debug_info</name>
         <load_address>0x90b8</load_address>
         <run_address>0x90b8</run_address>
         <size>0x122</size>
         <input_file_ref idref="fl-c8"/>
      </object_component>
      <object_component id="oc-1cb">
         <name>.debug_info</name>
         <load_address>0x91da</load_address>
         <run_address>0x91da</run_address>
         <size>0xab</size>
      </object_component>
      <object_component id="oc-148">
         <name>.debug_line</name>
         <load_address>0x0</load_address>
         <run_address>0x0</run_address>
         <size>0x7b</size>
         <input_file_ref idref="fl-2"/>
      </object_component>
      <object_component id="oc-97">
         <name>.debug_line</name>
         <load_address>0x7b</load_address>
         <run_address>0x7b</run_address>
         <size>0x56</size>
         <input_file_ref idref="fl-2"/>
      </object_component>
      <object_component id="oc-14c">
         <name>.debug_line</name>
         <load_address>0xd1</load_address>
         <run_address>0xd1</run_address>
         <size>0x56</size>
         <input_file_ref idref="fl-2"/>
      </object_component>
      <object_component id="oc-b1">
         <name>.debug_line</name>
         <load_address>0x127</load_address>
         <run_address>0x127</run_address>
         <size>0x6d</size>
         <input_file_ref idref="fl-2"/>
      </object_component>
      <object_component id="oc-151">
         <name>.debug_line</name>
         <load_address>0x194</load_address>
         <run_address>0x194</run_address>
         <size>0x59</size>
         <input_file_ref idref="fl-2"/>
      </object_component>
      <object_component id="oc-cd">
         <name>.debug_line</name>
         <load_address>0x1ed</load_address>
         <run_address>0x1ed</run_address>
         <size>0x20</size>
         <input_file_ref idref="fl-2"/>
      </object_component>
      <object_component id="oc-119">
         <name>.debug_line</name>
         <load_address>0x20d</load_address>
         <run_address>0x20d</run_address>
         <size>0x71</size>
         <input_file_ref idref="fl-2"/>
      </object_component>
      <object_component id="oc-123">
         <name>.debug_line</name>
         <load_address>0x27e</load_address>
         <run_address>0x27e</run_address>
         <size>0x6d</size>
         <input_file_ref idref="fl-2"/>
      </object_component>
      <object_component id="oc-114">
         <name>.debug_line</name>
         <load_address>0x2eb</load_address>
         <run_address>0x2eb</run_address>
         <size>0x6e</size>
         <input_file_ref idref="fl-2"/>
      </object_component>
      <object_component id="oc-15b">
         <name>.debug_line</name>
         <load_address>0x359</load_address>
         <run_address>0x359</run_address>
         <size>0x6c</size>
         <input_file_ref idref="fl-2"/>
      </object_component>
      <object_component id="oc-156">
         <name>.debug_line</name>
         <load_address>0x3c5</load_address>
         <run_address>0x3c5</run_address>
         <size>0x6d</size>
         <input_file_ref idref="fl-2"/>
      </object_component>
      <object_component id="oc-184">
         <name>.debug_line</name>
         <load_address>0x432</load_address>
         <run_address>0x432</run_address>
         <size>0x6e</size>
         <input_file_ref idref="fl-2"/>
      </object_component>
      <object_component id="oc-ad">
         <name>.debug_line</name>
         <load_address>0x4a0</load_address>
         <run_address>0x4a0</run_address>
         <size>0x40</size>
         <input_file_ref idref="fl-3"/>
      </object_component>
      <object_component id="oc-6e">
         <name>.debug_line</name>
         <load_address>0x4e0</load_address>
         <run_address>0x4e0</run_address>
         <size>0x40</size>
         <input_file_ref idref="fl-3"/>
      </object_component>
      <object_component id="oc-6b">
         <name>.debug_line</name>
         <load_address>0x520</load_address>
         <run_address>0x520</run_address>
         <size>0x71</size>
         <input_file_ref idref="fl-3"/>
      </object_component>
      <object_component id="oc-35">
         <name>.debug_line</name>
         <load_address>0x591</load_address>
         <run_address>0x591</run_address>
         <size>0x20</size>
         <input_file_ref idref="fl-3"/>
      </object_component>
      <object_component id="oc-146">
         <name>.debug_line</name>
         <load_address>0x5b1</load_address>
         <run_address>0x5b1</run_address>
         <size>0x3b</size>
         <input_file_ref idref="fl-4"/>
      </object_component>
      <object_component id="oc-a9">
         <name>.debug_line</name>
         <load_address>0x5ec</load_address>
         <run_address>0x5ec</run_address>
         <size>0x134</size>
         <input_file_ref idref="fl-4"/>
      </object_component>
      <object_component id="oc-187">
         <name>.debug_line</name>
         <load_address>0x720</load_address>
         <run_address>0x720</run_address>
         <size>0x20</size>
         <input_file_ref idref="fl-5"/>
      </object_component>
      <object_component id="oc-15e">
         <name>.debug_line</name>
         <load_address>0x740</load_address>
         <run_address>0x740</run_address>
         <size>0x3c</size>
         <input_file_ref idref="fl-5"/>
      </object_component>
      <object_component id="oc-c7">
         <name>.debug_line</name>
         <load_address>0x77c</load_address>
         <run_address>0x77c</run_address>
         <size>0x1c9</size>
         <input_file_ref idref="fl-5"/>
      </object_component>
      <object_component id="oc-7f">
         <name>.debug_line</name>
         <load_address>0x945</load_address>
         <run_address>0x945</run_address>
         <size>0x20</size>
         <input_file_ref idref="fl-c0"/>
      </object_component>
      <object_component id="oc-20">
         <name>.debug_line</name>
         <load_address>0x965</load_address>
         <run_address>0x965</run_address>
         <size>0x55</size>
         <input_file_ref idref="fl-c0"/>
      </object_component>
      <object_component id="oc-40">
         <name>.debug_line</name>
         <load_address>0x9ba</load_address>
         <run_address>0x9ba</run_address>
         <size>0x3a</size>
         <input_file_ref idref="fl-c0"/>
      </object_component>
      <object_component id="oc-7c">
         <name>.debug_line</name>
         <load_address>0x9f4</load_address>
         <run_address>0x9f4</run_address>
         <size>0x92</size>
         <input_file_ref idref="fl-c0"/>
      </object_component>
      <object_component id="oc-b9">
         <name>.debug_line</name>
         <load_address>0xa86</load_address>
         <run_address>0xa86</run_address>
         <size>0x20</size>
         <input_file_ref idref="fl-c1"/>
      </object_component>
      <object_component id="oc-1b">
         <name>.debug_line</name>
         <load_address>0xaa6</load_address>
         <run_address>0xaa6</run_address>
         <size>0xa9</size>
         <input_file_ref idref="fl-c1"/>
      </object_component>
      <object_component id="oc-30">
         <name>.debug_line</name>
         <load_address>0xb4f</load_address>
         <run_address>0xb4f</run_address>
         <size>0x3a</size>
         <input_file_ref idref="fl-c1"/>
      </object_component>
      <object_component id="oc-b6">
         <name>.debug_line</name>
         <load_address>0xb89</load_address>
         <run_address>0xb89</run_address>
         <size>0x9a</size>
         <input_file_ref idref="fl-c1"/>
      </object_component>
      <object_component id="oc-75">
         <name>.debug_line</name>
         <load_address>0xc23</load_address>
         <run_address>0xc23</run_address>
         <size>0x96</size>
         <input_file_ref idref="fl-c1"/>
      </object_component>
      <object_component id="oc-71">
         <name>.debug_line</name>
         <load_address>0xcb9</load_address>
         <run_address>0xcb9</run_address>
         <size>0x33</size>
         <input_file_ref idref="fl-c2"/>
      </object_component>
      <object_component id="oc-58">
         <name>.debug_line</name>
         <load_address>0xcec</load_address>
         <run_address>0xcec</run_address>
         <size>0x45</size>
         <input_file_ref idref="fl-c2"/>
      </object_component>
      <object_component id="oc-39">
         <name>.debug_line</name>
         <load_address>0xd31</load_address>
         <run_address>0xd31</run_address>
         <size>0x88</size>
         <input_file_ref idref="fl-c4"/>
      </object_component>
      <object_component id="oc-16f">
         <name>.debug_line</name>
         <load_address>0xdb9</load_address>
         <run_address>0xdb9</run_address>
         <size>0xbf</size>
         <input_file_ref idref="fl-c5"/>
      </object_component>
      <object_component id="oc-df">
         <name>.debug_line</name>
         <load_address>0xe78</load_address>
         <run_address>0xe78</run_address>
         <size>0x6f</size>
         <input_file_ref idref="fl-c5"/>
      </object_component>
      <object_component id="oc-173">
         <name>.debug_line</name>
         <load_address>0xee7</load_address>
         <run_address>0xee7</run_address>
         <size>0x2e</size>
         <input_file_ref idref="fl-c5"/>
      </object_component>
      <object_component id="oc-18e">
         <name>.debug_line</name>
         <load_address>0xf15</load_address>
         <run_address>0xf15</run_address>
         <size>0x9a</size>
         <input_file_ref idref="fl-c5"/>
      </object_component>
      <object_component id="oc-178">
         <name>.debug_line</name>
         <load_address>0xfaf</load_address>
         <run_address>0xfaf</run_address>
         <size>0x97</size>
         <input_file_ref idref="fl-c5"/>
      </object_component>
      <object_component id="oc-17d">
         <name>.debug_line</name>
         <load_address>0x1046</load_address>
         <run_address>0x1046</run_address>
         <size>0x93</size>
         <input_file_ref idref="fl-c5"/>
      </object_component>
      <object_component id="oc-91">
         <name>.debug_line</name>
         <load_address>0x10d9</load_address>
         <run_address>0x10d9</run_address>
         <size>0x40</size>
         <input_file_ref idref="fl-c6"/>
      </object_component>
      <object_component id="oc-d4">
         <name>.debug_line</name>
         <load_address>0x1119</load_address>
         <run_address>0x1119</run_address>
         <size>0x3c</size>
         <input_file_ref idref="fl-c8"/>
      </object_component>
      <object_component id="oc-98">
         <name>.debug_frame</name>
         <load_address>0x0</load_address>
         <run_address>0x0</run_address>
         <size>0x5c</size>
         <input_file_ref idref="fl-2"/>
      </object_component>
      <object_component id="oc-6c">
         <name>.debug_frame</name>
         <load_address>0x5c</load_address>
         <run_address>0x5c</run_address>
         <size>0x6c</size>
         <input_file_ref idref="fl-3"/>
      </object_component>
      <object_component id="oc-aa">
         <name>.debug_frame</name>
         <load_address>0xc8</load_address>
         <run_address>0xc8</run_address>
         <size>0x70</size>
         <input_file_ref idref="fl-4"/>
      </object_component>
      <object_component id="oc-c8">
         <name>.debug_frame</name>
         <load_address>0x138</load_address>
         <run_address>0x138</run_address>
         <size>0x144</size>
         <input_file_ref idref="fl-5"/>
      </object_component>
      <object_component id="oc-1f">
         <name>.debug_frame</name>
         <load_address>0x27c</load_address>
         <run_address>0x27c</run_address>
         <size>0x54</size>
         <input_file_ref idref="fl-c0"/>
      </object_component>
      <object_component id="oc-1c">
         <name>.debug_frame</name>
         <load_address>0x2d0</load_address>
         <run_address>0x2d0</run_address>
         <size>0x60</size>
         <input_file_ref idref="fl-c1"/>
      </object_component>
      <object_component id="oc-56">
         <name>.debug_frame</name>
         <load_address>0x330</load_address>
         <run_address>0x330</run_address>
         <size>0x50</size>
         <input_file_ref idref="fl-c2"/>
      </object_component>
      <object_component id="oc-e0">
         <name>.debug_frame</name>
         <load_address>0x380</load_address>
         <run_address>0x380</run_address>
         <size>0x5c</size>
         <input_file_ref idref="fl-c5"/>
      </object_component>
      <object_component id="oc-92">
         <name>.debug_frame</name>
         <load_address>0x3dc</load_address>
         <run_address>0x3dc</run_address>
         <size>0x54</size>
         <input_file_ref idref="fl-c6"/>
      </object_component>
      <object_component id="oc-d0">
         <name>.debug_frame</name>
         <load_address>0x430</load_address>
         <run_address>0x430</run_address>
         <size>0x54</size>
         <input_file_ref idref="fl-c8"/>
      </object_component>
      <object_component id="oc-147">
         <name>.debug_abbrev</name>
         <load_address>0x0</load_address>
         <run_address>0x0</run_address>
         <size>0xc4</size>
         <input_file_ref idref="fl-2"/>
      </object_component>
      <object_component id="oc-c9">
         <name>.debug_abbrev</name>
         <load_address>0xc4</load_address>
         <run_address>0xc4</run_address>
         <size>0x60</size>
         <input_file_ref idref="fl-2"/>
      </object_component>
      <object_component id="oc-14b">
         <name>.debug_abbrev</name>
         <load_address>0x124</load_address>
         <run_address>0x124</run_address>
         <size>0xbd</size>
         <input_file_ref idref="fl-2"/>
      </object_component>
      <object_component id="oc-b0">
         <name>.debug_abbrev</name>
         <load_address>0x1e1</load_address>
         <run_address>0x1e1</run_address>
         <size>0x69</size>
         <input_file_ref idref="fl-2"/>
      </object_component>
      <object_component id="oc-150">
         <name>.debug_abbrev</name>
         <load_address>0x24a</load_address>
         <run_address>0x24a</run_address>
         <size>0x97</size>
         <input_file_ref idref="fl-2"/>
      </object_component>
      <object_component id="oc-cc">
         <name>.debug_abbrev</name>
         <load_address>0x2e1</load_address>
         <run_address>0x2e1</run_address>
         <size>0x1f</size>
         <input_file_ref idref="fl-2"/>
      </object_component>
      <object_component id="oc-118">
         <name>.debug_abbrev</name>
         <load_address>0x300</load_address>
         <run_address>0x300</run_address>
         <size>0x5c</size>
         <input_file_ref idref="fl-2"/>
      </object_component>
      <object_component id="oc-122">
         <name>.debug_abbrev</name>
         <load_address>0x35c</load_address>
         <run_address>0x35c</run_address>
         <size>0x24</size>
         <input_file_ref idref="fl-2"/>
      </object_component>
      <object_component id="oc-113">
         <name>.debug_abbrev</name>
         <load_address>0x380</load_address>
         <run_address>0x380</run_address>
         <size>0x24</size>
         <input_file_ref idref="fl-2"/>
      </object_component>
      <object_component id="oc-15a">
         <name>.debug_abbrev</name>
         <load_address>0x3a4</load_address>
         <run_address>0x3a4</run_address>
         <size>0x55</size>
         <input_file_ref idref="fl-2"/>
      </object_component>
      <object_component id="oc-155">
         <name>.debug_abbrev</name>
         <load_address>0x3f9</load_address>
         <run_address>0x3f9</run_address>
         <size>0x5c</size>
         <input_file_ref idref="fl-2"/>
      </object_component>
      <object_component id="oc-183">
         <name>.debug_abbrev</name>
         <load_address>0x455</load_address>
         <run_address>0x455</run_address>
         <size>0x4b</size>
         <input_file_ref idref="fl-2"/>
      </object_component>
      <object_component id="oc-ac">
         <name>.debug_abbrev</name>
         <load_address>0x4a0</load_address>
         <run_address>0x4a0</run_address>
         <size>0x7c</size>
         <input_file_ref idref="fl-3"/>
      </object_component>
      <object_component id="oc-6d">
         <name>.debug_abbrev</name>
         <load_address>0x51c</load_address>
         <run_address>0x51c</run_address>
         <size>0x29</size>
         <input_file_ref idref="fl-3"/>
      </object_component>
      <object_component id="oc-ab">
         <name>.debug_abbrev</name>
         <load_address>0x545</load_address>
         <run_address>0x545</run_address>
         <size>0x89</size>
         <input_file_ref idref="fl-3"/>
      </object_component>
      <object_component id="oc-34">
         <name>.debug_abbrev</name>
         <load_address>0x5ce</load_address>
         <run_address>0x5ce</run_address>
         <size>0x1f</size>
         <input_file_ref idref="fl-3"/>
      </object_component>
      <object_component id="oc-145">
         <name>.debug_abbrev</name>
         <load_address>0x5ed</load_address>
         <run_address>0x5ed</run_address>
         <size>0x29</size>
         <input_file_ref idref="fl-4"/>
      </object_component>
      <object_component id="oc-110">
         <name>.debug_abbrev</name>
         <load_address>0x616</load_address>
         <run_address>0x616</run_address>
         <size>0x8b</size>
         <input_file_ref idref="fl-4"/>
      </object_component>
      <object_component id="oc-186">
         <name>.debug_abbrev</name>
         <load_address>0x6a1</load_address>
         <run_address>0x6a1</run_address>
         <size>0x93</size>
         <input_file_ref idref="fl-5"/>
      </object_component>
      <object_component id="oc-15d">
         <name>.debug_abbrev</name>
         <load_address>0x734</load_address>
         <run_address>0x734</run_address>
         <size>0x27</size>
         <input_file_ref idref="fl-5"/>
      </object_component>
      <object_component id="oc-11f">
         <name>.debug_abbrev</name>
         <load_address>0x75b</load_address>
         <run_address>0x75b</run_address>
         <size>0xf5</size>
         <input_file_ref idref="fl-5"/>
      </object_component>
      <object_component id="oc-7e">
         <name>.debug_abbrev</name>
         <load_address>0x850</load_address>
         <run_address>0x850</run_address>
         <size>0x37</size>
         <input_file_ref idref="fl-c0"/>
      </object_component>
      <object_component id="oc-3c">
         <name>.debug_abbrev</name>
         <load_address>0x887</load_address>
         <run_address>0x887</run_address>
         <size>0x74</size>
         <input_file_ref idref="fl-c0"/>
      </object_component>
      <object_component id="oc-3f">
         <name>.debug_abbrev</name>
         <load_address>0x8fb</load_address>
         <run_address>0x8fb</run_address>
         <size>0x24</size>
         <input_file_ref idref="fl-c0"/>
      </object_component>
      <object_component id="oc-7b">
         <name>.debug_abbrev</name>
         <load_address>0x91f</load_address>
         <run_address>0x91f</run_address>
         <size>0x24</size>
         <input_file_ref idref="fl-c0"/>
      </object_component>
      <object_component id="oc-b8">
         <name>.debug_abbrev</name>
         <load_address>0x943</load_address>
         <run_address>0x943</run_address>
         <size>0x37</size>
         <input_file_ref idref="fl-c1"/>
      </object_component>
      <object_component id="oc-2c">
         <name>.debug_abbrev</name>
         <load_address>0x97a</load_address>
         <run_address>0x97a</run_address>
         <size>0x6f</size>
         <input_file_ref idref="fl-c1"/>
      </object_component>
      <object_component id="oc-2f">
         <name>.debug_abbrev</name>
         <load_address>0x9e9</load_address>
         <run_address>0x9e9</run_address>
         <size>0x24</size>
         <input_file_ref idref="fl-c1"/>
      </object_component>
      <object_component id="oc-b5">
         <name>.debug_abbrev</name>
         <load_address>0xa0d</load_address>
         <run_address>0xa0d</run_address>
         <size>0x35</size>
         <input_file_ref idref="fl-c1"/>
      </object_component>
      <object_component id="oc-74">
         <name>.debug_abbrev</name>
         <load_address>0xa42</load_address>
         <run_address>0xa42</run_address>
         <size>0x24</size>
         <input_file_ref idref="fl-c1"/>
      </object_component>
      <object_component id="oc-70">
         <name>.debug_abbrev</name>
         <load_address>0xa66</load_address>
         <run_address>0xa66</run_address>
         <size>0x29</size>
         <input_file_ref idref="fl-c2"/>
      </object_component>
      <object_component id="oc-9c">
         <name>.debug_abbrev</name>
         <load_address>0xa8f</load_address>
         <run_address>0xa8f</run_address>
         <size>0x55</size>
         <input_file_ref idref="fl-c2"/>
      </object_component>
      <object_component id="oc-78">
         <name>.debug_abbrev</name>
         <load_address>0xae4</load_address>
         <run_address>0xae4</run_address>
         <size>0x3e</size>
         <input_file_ref idref="fl-c4"/>
      </object_component>
      <object_component id="oc-16e">
         <name>.debug_abbrev</name>
         <load_address>0xb22</load_address>
         <run_address>0xb22</run_address>
         <size>0xc0</size>
         <input_file_ref idref="fl-c5"/>
      </object_component>
      <object_component id="oc-12f">
         <name>.debug_abbrev</name>
         <load_address>0xbe2</load_address>
         <run_address>0xbe2</run_address>
         <size>0x7e</size>
         <input_file_ref idref="fl-c5"/>
      </object_component>
      <object_component id="oc-172">
         <name>.debug_abbrev</name>
         <load_address>0xc60</load_address>
         <run_address>0xc60</run_address>
         <size>0x24</size>
         <input_file_ref idref="fl-c5"/>
      </object_component>
      <object_component id="oc-18d">
         <name>.debug_abbrev</name>
         <load_address>0xc84</load_address>
         <run_address>0xc84</run_address>
         <size>0x24</size>
         <input_file_ref idref="fl-c5"/>
      </object_component>
      <object_component id="oc-177">
         <name>.debug_abbrev</name>
         <load_address>0xca8</load_address>
         <run_address>0xca8</run_address>
         <size>0x24</size>
         <input_file_ref idref="fl-c5"/>
      </object_component>
      <object_component id="oc-17c">
         <name>.debug_abbrev</name>
         <load_address>0xccc</load_address>
         <run_address>0xccc</run_address>
         <size>0x4b</size>
         <input_file_ref idref="fl-c5"/>
      </object_component>
      <object_component id="oc-c2">
         <name>.debug_abbrev</name>
         <load_address>0xd17</load_address>
         <run_address>0xd17</run_address>
         <size>0x55</size>
         <input_file_ref idref="fl-c6"/>
      </object_component>
      <object_component id="oc-125">
         <name>.debug_abbrev</name>
         <load_address>0xd6c</load_address>
         <run_address>0xd6c</run_address>
         <size>0x45</size>
         <input_file_ref idref="fl-c8"/>
      </object_component>
      <object_component id="oc-1cc">
         <name>.debug_abbrev</name>
         <load_address>0xdb1</load_address>
         <run_address>0xdb1</run_address>
         <size>0xf</size>
      </object_component>
      <object_component id="oc-14d">
         <name>.debug_str</name>
         <load_address>0x0</load_address>
         <run_address>0x0</run_address>
         <size>0x15d3</size>
         <input_file_ref idref="fl-2"/>
      </object_component>
      <object_component id="oc-b2">
         <name>.debug_str</name>
         <load_address>0x15d3</load_address>
         <run_address>0x15d3</run_address>
         <size>0x2ba</size>
         <input_file_ref idref="fl-2"/>
      </object_component>
      <object_component id="oc-152">
         <name>.debug_str</name>
         <load_address>0x188d</load_address>
         <run_address>0x188d</run_address>
         <size>0x48f</size>
         <input_file_ref idref="fl-2"/>
      </object_component>
      <object_component id="oc-ce">
         <name>.debug_str</name>
         <load_address>0x1d1c</load_address>
         <run_address>0x1d1c</run_address>
         <size>0xfd</size>
         <input_file_ref idref="fl-2"/>
      </object_component>
      <object_component id="oc-11a">
         <name>.debug_str</name>
         <load_address>0x1e19</load_address>
         <run_address>0x1e19</run_address>
         <size>0x350</size>
         <input_file_ref idref="fl-2"/>
      </object_component>
      <object_component id="oc-124">
         <name>.debug_str</name>
         <load_address>0x2169</load_address>
         <run_address>0x2169</run_address>
         <size>0x1c5</size>
         <input_file_ref idref="fl-2"/>
      </object_component>
      <object_component id="oc-115">
         <name>.debug_str</name>
         <load_address>0x232e</load_address>
         <run_address>0x232e</run_address>
         <size>0x152</size>
         <input_file_ref idref="fl-2"/>
      </object_component>
      <object_component id="oc-15c">
         <name>.debug_str</name>
         <load_address>0x2480</load_address>
         <run_address>0x2480</run_address>
         <size>0x323</size>
         <input_file_ref idref="fl-2"/>
      </object_component>
      <object_component id="oc-157">
         <name>.debug_str</name>
         <load_address>0x27a3</load_address>
         <run_address>0x27a3</run_address>
         <size>0x116</size>
         <input_file_ref idref="fl-2"/>
      </object_component>
      <object_component id="oc-185">
         <name>.debug_str</name>
         <load_address>0x28b9</load_address>
         <run_address>0x28b9</run_address>
         <size>0x105</size>
         <input_file_ref idref="fl-2"/>
      </object_component>
      <object_component id="oc-36">
         <name>.debug_str</name>
         <load_address>0x29be</load_address>
         <run_address>0x29be</run_address>
         <size>0xfd</size>
         <input_file_ref idref="fl-3"/>
      </object_component>
      <object_component id="oc-41">
         <name>.debug_str</name>
         <load_address>0x2abb</load_address>
         <run_address>0x2abb</run_address>
         <size>0x10b</size>
         <input_file_ref idref="fl-c0"/>
      </object_component>
      <object_component id="oc-7d">
         <name>.debug_str</name>
         <load_address>0x2bc6</load_address>
         <run_address>0x2bc6</run_address>
         <size>0x140</size>
         <input_file_ref idref="fl-c0"/>
      </object_component>
      <object_component id="oc-31">
         <name>.debug_str</name>
         <load_address>0x2d06</load_address>
         <run_address>0x2d06</run_address>
         <size>0x118</size>
         <input_file_ref idref="fl-c1"/>
      </object_component>
      <object_component id="oc-b7">
         <name>.debug_str</name>
         <load_address>0x2e1e</load_address>
         <run_address>0x2e1e</run_address>
         <size>0x16b</size>
         <input_file_ref idref="fl-c1"/>
      </object_component>
      <object_component id="oc-76">
         <name>.debug_str</name>
         <load_address>0x2f89</load_address>
         <run_address>0x2f89</run_address>
         <size>0x158</size>
         <input_file_ref idref="fl-c1"/>
      </object_component>
      <object_component id="oc-174">
         <name>.debug_str</name>
         <load_address>0x30e1</load_address>
         <run_address>0x30e1</run_address>
         <size>0xed</size>
         <input_file_ref idref="fl-c5"/>
      </object_component>
      <object_component id="oc-18f">
         <name>.debug_str</name>
         <load_address>0x31ce</load_address>
         <run_address>0x31ce</run_address>
         <size>0x157</size>
         <input_file_ref idref="fl-c5"/>
      </object_component>
      <object_component id="oc-179">
         <name>.debug_str</name>
         <load_address>0x3325</load_address>
         <run_address>0x3325</run_address>
         <size>0x150</size>
         <input_file_ref idref="fl-c5"/>
      </object_component>
      <object_component id="oc-17e">
         <name>.debug_str</name>
         <load_address>0x3475</load_address>
         <run_address>0x3475</run_address>
         <size>0x197</size>
         <input_file_ref idref="fl-c5"/>
      </object_component>
      <object_component id="oc-95">
         <name>.debug_aranges</name>
         <load_address>0x0</load_address>
         <run_address>0x0</run_address>
         <size>0x20</size>
         <input_file_ref idref="fl-2"/>
      </object_component>
      <object_component id="oc-69">
         <name>.debug_aranges</name>
         <load_address>0x20</load_address>
         <run_address>0x20</run_address>
         <size>0x28</size>
         <input_file_ref idref="fl-3"/>
      </object_component>
      <object_component id="oc-a7">
         <name>.debug_aranges</name>
         <load_address>0x48</load_address>
         <run_address>0x48</run_address>
         <size>0x28</size>
         <input_file_ref idref="fl-4"/>
      </object_component>
      <object_component id="oc-c5">
         <name>.debug_aranges</name>
         <load_address>0x70</load_address>
         <run_address>0x70</run_address>
         <size>0x70</size>
         <input_file_ref idref="fl-5"/>
      </object_component>
      <object_component id="oc-1e">
         <name>.debug_aranges</name>
         <load_address>0xe0</load_address>
         <run_address>0xe0</run_address>
         <size>0x20</size>
         <input_file_ref idref="fl-c0"/>
      </object_component>
      <object_component id="oc-1a">
         <name>.debug_aranges</name>
         <load_address>0x100</load_address>
         <run_address>0x100</run_address>
         <size>0x20</size>
         <input_file_ref idref="fl-c1"/>
      </object_component>
      <object_component id="oc-57">
         <name>.debug_aranges</name>
         <load_address>0x120</load_address>
         <run_address>0x120</run_address>
         <size>0x20</size>
         <input_file_ref idref="fl-c2"/>
      </object_component>
      <object_component id="oc-38">
         <name>.debug_aranges</name>
         <load_address>0x140</load_address>
         <run_address>0x140</run_address>
         <size>0x20</size>
         <input_file_ref idref="fl-c4"/>
      </object_component>
      <object_component id="oc-dd">
         <name>.debug_aranges</name>
         <load_address>0x160</load_address>
         <run_address>0x160</run_address>
         <size>0x20</size>
         <input_file_ref idref="fl-c5"/>
      </object_component>
      <object_component id="oc-8f">
         <name>.debug_aranges</name>
         <load_address>0x180</load_address>
         <run_address>0x180</run_address>
         <size>0x20</size>
         <input_file_ref idref="fl-c6"/>
      </object_component>
      <object_component id="oc-d2">
         <name>.debug_aranges</name>
         <load_address>0x1a0</load_address>
         <run_address>0x1a0</run_address>
         <size>0x20</size>
         <input_file_ref idref="fl-c8"/>
      </object_component>
      <object_component id="oc-96">
         <name>.debug_pubnames</name>
         <load_address>0x0</load_address>
         <run_address>0x0</run_address>
         <size>0x1b</size>
         <input_file_ref idref="fl-2"/>
      </object_component>
      <object_component id="oc-28">
         <name>.debug_pubnames</name>
         <load_address>0x1b</load_address>
         <run_address>0x1b</run_address>
         <size>0x27</size>
         <input_file_ref idref="fl-3"/>
      </object_component>
      <object_component id="oc-6a">
         <name>.debug_pubnames</name>
         <load_address>0x42</load_address>
         <run_address>0x42</run_address>
         <size>0x38</size>
         <input_file_ref idref="fl-3"/>
      </object_component>
      <object_component id="oc-10f">
         <name>.debug_pubnames</name>
         <load_address>0x7a</load_address>
         <run_address>0x7a</run_address>
         <size>0x26</size>
         <input_file_ref idref="fl-4"/>
      </object_component>
      <object_component id="oc-a8">
         <name>.debug_pubnames</name>
         <load_address>0xa0</load_address>
         <run_address>0xa0</run_address>
         <size>0x3b</size>
         <input_file_ref idref="fl-4"/>
      </object_component>
      <object_component id="oc-11e">
         <name>.debug_pubnames</name>
         <load_address>0xdb</load_address>
         <run_address>0xdb</run_address>
         <size>0x28</size>
         <input_file_ref idref="fl-5"/>
      </object_component>
      <object_component id="oc-c6">
         <name>.debug_pubnames</name>
         <load_address>0x103</load_address>
         <run_address>0x103</run_address>
         <size>0x14c</size>
         <input_file_ref idref="fl-5"/>
      </object_component>
      <object_component id="oc-22">
         <name>.debug_pubnames</name>
         <load_address>0x24f</load_address>
         <run_address>0x24f</run_address>
         <size>0x2b</size>
         <input_file_ref idref="fl-c0"/>
      </object_component>
      <object_component id="oc-19">
         <name>.debug_pubnames</name>
         <load_address>0x27a</load_address>
         <run_address>0x27a</run_address>
         <size>0x2b</size>
         <input_file_ref idref="fl-c1"/>
      </object_component>
      <object_component id="oc-2b">
         <name>.debug_pubnames</name>
         <load_address>0x2a5</load_address>
         <run_address>0x2a5</run_address>
         <size>0x1e</size>
         <input_file_ref idref="fl-c2"/>
      </object_component>
      <object_component id="oc-5a">
         <name>.debug_pubnames</name>
         <load_address>0x2c3</load_address>
         <run_address>0x2c3</run_address>
         <size>0x26</size>
         <input_file_ref idref="fl-c2"/>
      </object_component>
      <object_component id="oc-3b">
         <name>.debug_pubnames</name>
         <load_address>0x2e9</load_address>
         <run_address>0x2e9</run_address>
         <size>0x1d</size>
         <input_file_ref idref="fl-c4"/>
      </object_component>
      <object_component id="oc-de">
         <name>.debug_pubnames</name>
         <load_address>0x306</load_address>
         <run_address>0x306</run_address>
         <size>0x35</size>
         <input_file_ref idref="fl-c5"/>
      </object_component>
      <object_component id="oc-90">
         <name>.debug_pubnames</name>
         <load_address>0x33b</load_address>
         <run_address>0x33b</run_address>
         <size>0x27</size>
         <input_file_ref idref="fl-c6"/>
      </object_component>
      <object_component id="oc-d3">
         <name>.debug_pubnames</name>
         <load_address>0x362</load_address>
         <run_address>0x362</run_address>
         <size>0x1c</size>
         <input_file_ref idref="fl-c8"/>
      </object_component>
      <object_component id="oc-14a">
         <name>.debug_pubtypes</name>
         <load_address>0x0</load_address>
         <run_address>0x0</run_address>
         <size>0x2ce</size>
         <input_file_ref idref="fl-2"/>
      </object_component>
      <object_component id="oc-af">
         <name>.debug_pubtypes</name>
         <load_address>0x2ce</load_address>
         <run_address>0x2ce</run_address>
         <size>0x25c</size>
         <input_file_ref idref="fl-2"/>
      </object_component>
      <object_component id="oc-14f">
         <name>.debug_pubtypes</name>
         <load_address>0x52a</load_address>
         <run_address>0x52a</run_address>
         <size>0xdd</size>
         <input_file_ref idref="fl-2"/>
      </object_component>
      <object_component id="oc-cb">
         <name>.debug_pubtypes</name>
         <load_address>0x607</load_address>
         <run_address>0x607</run_address>
         <size>0xff</size>
         <input_file_ref idref="fl-2"/>
      </object_component>
      <object_component id="oc-117">
         <name>.debug_pubtypes</name>
         <load_address>0x706</load_address>
         <run_address>0x706</run_address>
         <size>0x330</size>
         <input_file_ref idref="fl-2"/>
      </object_component>
      <object_component id="oc-121">
         <name>.debug_pubtypes</name>
         <load_address>0xa36</load_address>
         <run_address>0xa36</run_address>
         <size>0x12e</size>
         <input_file_ref idref="fl-2"/>
      </object_component>
      <object_component id="oc-112">
         <name>.debug_pubtypes</name>
         <load_address>0xb64</load_address>
         <run_address>0xb64</run_address>
         <size>0xaa</size>
         <input_file_ref idref="fl-2"/>
      </object_component>
      <object_component id="oc-159">
         <name>.debug_pubtypes</name>
         <load_address>0xc0e</load_address>
         <run_address>0xc0e</run_address>
         <size>0x33e</size>
         <input_file_ref idref="fl-2"/>
      </object_component>
      <object_component id="oc-154">
         <name>.debug_pubtypes</name>
         <load_address>0xf4c</load_address>
         <run_address>0xf4c</run_address>
         <size>0x4f</size>
         <input_file_ref idref="fl-2"/>
      </object_component>
      <object_component id="oc-182">
         <name>.debug_pubtypes</name>
         <load_address>0xf9b</load_address>
         <run_address>0xf9b</run_address>
         <size>0x2e</size>
         <input_file_ref idref="fl-2"/>
      </object_component>
      <object_component id="oc-33">
         <name>.debug_pubtypes</name>
         <load_address>0xfc9</load_address>
         <run_address>0xfc9</run_address>
         <size>0xed</size>
         <input_file_ref idref="fl-3"/>
      </object_component>
      <object_component id="oc-3e">
         <name>.debug_pubtypes</name>
         <load_address>0x10b6</load_address>
         <run_address>0x10b6</run_address>
         <size>0x48</size>
         <input_file_ref idref="fl-c0"/>
      </object_component>
      <object_component id="oc-7a">
         <name>.debug_pubtypes</name>
         <load_address>0x10fe</load_address>
         <run_address>0x10fe</run_address>
         <size>0x1d</size>
         <input_file_ref idref="fl-c0"/>
      </object_component>
      <object_component id="oc-2e">
         <name>.debug_pubtypes</name>
         <load_address>0x111b</load_address>
         <run_address>0x111b</run_address>
         <size>0x5d</size>
         <input_file_ref idref="fl-c1"/>
      </object_component>
      <object_component id="oc-b4">
         <name>.debug_pubtypes</name>
         <load_address>0x1178</load_address>
         <run_address>0x1178</run_address>
         <size>0x48</size>
         <input_file_ref idref="fl-c1"/>
      </object_component>
      <object_component id="oc-73">
         <name>.debug_pubtypes</name>
         <load_address>0x11c0</load_address>
         <run_address>0x11c0</run_address>
         <size>0x35</size>
         <input_file_ref idref="fl-c1"/>
      </object_component>
      <object_component id="oc-171">
         <name>.debug_pubtypes</name>
         <load_address>0x11f5</load_address>
         <run_address>0x11f5</run_address>
         <size>0x32</size>
         <input_file_ref idref="fl-c5"/>
      </object_component>
      <object_component id="oc-18c">
         <name>.debug_pubtypes</name>
         <load_address>0x1227</load_address>
         <run_address>0x1227</run_address>
         <size>0x30</size>
         <input_file_ref idref="fl-c5"/>
      </object_component>
      <object_component id="oc-176">
         <name>.debug_pubtypes</name>
         <load_address>0x1257</load_address>
         <run_address>0x1257</run_address>
         <size>0x2c</size>
         <input_file_ref idref="fl-c5"/>
      </object_component>
      <object_component id="oc-17b">
         <name>.debug_pubtypes</name>
         <load_address>0x1283</load_address>
         <run_address>0x1283</run_address>
         <size>0x50</size>
         <input_file_ref idref="fl-c5"/>
      </object_component>
   </object_component_list>
   <logical_group_list>
      <logical_group id="lg-3" display="no" color="cyan">
         <name>.intvecs</name>
         <load_address>0x0</load_address>
         <run_address>0x0</run_address>
         <size>0xe4</size>
         <contents>
            <object_component_ref idref="oc-26"/>
         </contents>
      </logical_group>
      <logical_group id="lg-4" display="no" color="cyan">
         <name>.text</name>
         <load_address>0xe4</load_address>
         <run_address>0xe4</run_address>
         <size>0x93c</size>
         <contents>
            <object_component_ref idref="oc-c3"/>
            <object_component_ref idref="oc-a5"/>
            <object_component_ref idref="oc-37"/>
            <object_component_ref idref="oc-93"/>
            <object_component_ref idref="oc-17"/>
            <object_component_ref idref="oc-db"/>
            <object_component_ref idref="oc-55"/>
            <object_component_ref idref="oc-1d"/>
            <object_component_ref idref="oc-67"/>
            <object_component_ref idref="oc-8d"/>
            <object_component_ref idref="oc-cf"/>
         </contents>
      </logical_group>
      <logical_group id="lg-5" display="no" color="cyan">
         <name>.const</name>
         <load_address>0xa20</load_address>
         <run_address>0xa20</run_address>
         <size>0x30</size>
         <contents>
            <object_component_ref idref="oc-11c"/>
         </contents>
      </logical_group>
      <logical_group id="lg-6" display="no" color="cyan">
         <name>.cinit</name>
         <load_address>0xa50</load_address>
         <run_address>0xa50</run_address>
         <size>0x18</size>
         <contents>
            <object_component_ref idref="oc-1c8"/>
            <object_component_ref idref="oc-1c6"/>
            <object_component_ref idref="oc-1c7"/>
         </contents>
      </logical_group>
      <logical_group id="lg-7" display="no" color="cyan">
         <name>.pinit</name>
         <run_address>0x0</run_address>
         <size>0x0</size>
         <contents>
         </contents>
      </logical_group>
      <logical_group id="lg-8" display="no" color="cyan">
         <name>.init_array</name>
         <run_address>0x0</run_address>
         <size>0x0</size>
         <contents>
         </contents>
      </logical_group>
      <logical_group id="lg-9" display="no" color="cyan">
         <name>.binit</name>
         <load_address>0x0</load_address>
         <run_address>0x0</run_address>
         <size>0x0</size>
         <contents>
            <object_component_ref idref="oc-19a"/>
         </contents>
      </logical_group>
      <logical_group id="lg-a" display="no" color="cyan">
         <name>.flashMailbox</name>
         <run_address>0x0</run_address>
         <size>0x0</size>
         <contents>
         </contents>
      </logical_group>
      <logical_group id="lg-b" display="no" color="cyan">
         <name>.tlvTable</name>
         <run_address>0x0</run_address>
         <size>0x0</size>
         <contents>
         </contents>
      </logical_group>
      <logical_group id="lg-c" display="no" color="cyan">
         <name>.bslArea</name>
         <run_address>0x0</run_address>
         <size>0x0</size>
         <contents>
         </contents>
      </logical_group>
      <logical_group id="lg-d" display="no" color="cyan">
         <name>.vtable</name>
         <run_address>0x0</run_address>
         <size>0x0</size>
         <contents>
         </contents>
      </logical_group>
      <logical_group id="lg-e" display="no" color="cyan">
         <name>.data</name>
         <run_address>0x20000000</run_address>
         <size>0x4</size>
         <contents>
            <object_component_ref idref="oc-10d"/>
         </contents>
      </logical_group>
      <logical_group id="lg-f" display="no" color="cyan">
         <name>.bss</name>
         <run_address>0x0</run_address>
         <size>0x0</size>
         <contents>
         </contents>
      </logical_group>
      <logical_group id="lg-10" display="no" color="cyan">
         <name>.sysmem</name>
         <run_address>0x0</run_address>
         <size>0x0</size>
         <contents>
         </contents>
      </logical_group>
      <logical_group id="lg-11" display="no" color="cyan">
         <name>.stack</name>
         <run_address>0x2000fe00</run_address>
         <size>0x200</size>
         <contents>
            <object_component_ref idref="oc-29"/>
            <object_component_ref idref="oc-1ca"/>
         </contents>
      </logical_group>
      <logical_group id="lg-12" display="no" color="cyan">
         <name>.TI.ramfunc</name>
         <run_address>0x0</run_address>
         <size>0x0</size>
         <contents>
         </contents>
      </logical_group>
      <logical_group id="lg-197" display="no" color="cyan">
         <name>.TI.noinit</name>
         <run_address>0x0</run_address>
         <size>0x0</size>
         <contents>
         </contents>
      </logical_group>
      <logical_group id="lg-198" display="no" color="cyan">
         <name>.TI.persistent</name>
         <run_address>0x0</run_address>
         <size>0x0</size>
         <contents>
         </contents>
      </logical_group>
      <logical_group id="lg-199" display="no" color="cyan">
         <name>__llvm_prf_cnts</name>
         <run_address>0x20000000</run_address>
         <size>0x0</size>
         <contents>
         </contents>
      </logical_group>
      <logical_group id="lg-1ae" display="never" color="cyan">
         <name>.debug_info</name>
         <load_address>0x0</load_address>
         <run_address>0x0</run_address>
         <size>0x9285</size>
         <contents>
            <object_component_ref idref="oc-11b"/>
            <object_component_ref idref="oc-94"/>
            <object_component_ref idref="oc-149"/>
            <object_component_ref idref="oc-ae"/>
            <object_component_ref idref="oc-14e"/>
            <object_component_ref idref="oc-ca"/>
            <object_component_ref idref="oc-116"/>
            <object_component_ref idref="oc-120"/>
            <object_component_ref idref="oc-111"/>
            <object_component_ref idref="oc-158"/>
            <object_component_ref idref="oc-153"/>
            <object_component_ref idref="oc-181"/>
            <object_component_ref idref="oc-6f"/>
            <object_component_ref idref="oc-27"/>
            <object_component_ref idref="oc-68"/>
            <object_component_ref idref="oc-32"/>
            <object_component_ref idref="oc-10e"/>
            <object_component_ref idref="oc-a6"/>
            <object_component_ref idref="oc-15f"/>
            <object_component_ref idref="oc-11d"/>
            <object_component_ref idref="oc-c4"/>
            <object_component_ref idref="oc-42"/>
            <object_component_ref idref="oc-21"/>
            <object_component_ref idref="oc-3d"/>
            <object_component_ref idref="oc-79"/>
            <object_component_ref idref="oc-77"/>
            <object_component_ref idref="oc-18"/>
            <object_component_ref idref="oc-2d"/>
            <object_component_ref idref="oc-b3"/>
            <object_component_ref idref="oc-72"/>
            <object_component_ref idref="oc-2a"/>
            <object_component_ref idref="oc-59"/>
            <object_component_ref idref="oc-3a"/>
            <object_component_ref idref="oc-130"/>
            <object_component_ref idref="oc-dc"/>
            <object_component_ref idref="oc-170"/>
            <object_component_ref idref="oc-18b"/>
            <object_component_ref idref="oc-175"/>
            <object_component_ref idref="oc-17a"/>
            <object_component_ref idref="oc-8e"/>
            <object_component_ref idref="oc-d1"/>
            <object_component_ref idref="oc-1cb"/>
         </contents>
      </logical_group>
      <logical_group id="lg-1b0" display="never" color="cyan">
         <name>.debug_line</name>
         <load_address>0x0</load_address>
         <run_address>0x0</run_address>
         <size>0x1155</size>
         <contents>
            <object_component_ref idref="oc-148"/>
            <object_component_ref idref="oc-97"/>
            <object_component_ref idref="oc-14c"/>
            <object_component_ref idref="oc-b1"/>
            <object_component_ref idref="oc-151"/>
            <object_component_ref idref="oc-cd"/>
            <object_component_ref idref="oc-119"/>
            <object_component_ref idref="oc-123"/>
            <object_component_ref idref="oc-114"/>
            <object_component_ref idref="oc-15b"/>
            <object_component_ref idref="oc-156"/>
            <object_component_ref idref="oc-184"/>
            <object_component_ref idref="oc-ad"/>
            <object_component_ref idref="oc-6e"/>
            <object_component_ref idref="oc-6b"/>
            <object_component_ref idref="oc-35"/>
            <object_component_ref idref="oc-146"/>
            <object_component_ref idref="oc-a9"/>
            <object_component_ref idref="oc-187"/>
            <object_component_ref idref="oc-15e"/>
            <object_component_ref idref="oc-c7"/>
            <object_component_ref idref="oc-7f"/>
            <object_component_ref idref="oc-20"/>
            <object_component_ref idref="oc-40"/>
            <object_component_ref idref="oc-7c"/>
            <object_component_ref idref="oc-b9"/>
            <object_component_ref idref="oc-1b"/>
            <object_component_ref idref="oc-30"/>
            <object_component_ref idref="oc-b6"/>
            <object_component_ref idref="oc-75"/>
            <object_component_ref idref="oc-71"/>
            <object_component_ref idref="oc-58"/>
            <object_component_ref idref="oc-39"/>
            <object_component_ref idref="oc-16f"/>
            <object_component_ref idref="oc-df"/>
            <object_component_ref idref="oc-173"/>
            <object_component_ref idref="oc-18e"/>
            <object_component_ref idref="oc-178"/>
            <object_component_ref idref="oc-17d"/>
            <object_component_ref idref="oc-91"/>
            <object_component_ref idref="oc-d4"/>
         </contents>
      </logical_group>
      <logical_group id="lg-1b2" display="never" color="cyan">
         <name>.debug_frame</name>
         <load_address>0x0</load_address>
         <run_address>0x0</run_address>
         <size>0x484</size>
         <contents>
            <object_component_ref idref="oc-98"/>
            <object_component_ref idref="oc-6c"/>
            <object_component_ref idref="oc-aa"/>
            <object_component_ref idref="oc-c8"/>
            <object_component_ref idref="oc-1f"/>
            <object_component_ref idref="oc-1c"/>
            <object_component_ref idref="oc-56"/>
            <object_component_ref idref="oc-e0"/>
            <object_component_ref idref="oc-92"/>
            <object_component_ref idref="oc-d0"/>
         </contents>
      </logical_group>
      <logical_group id="lg-1b4" display="never" color="cyan">
         <name>.debug_abbrev</name>
         <load_address>0x0</load_address>
         <run_address>0x0</run_address>
         <size>0xdc0</size>
         <contents>
            <object_component_ref idref="oc-147"/>
            <object_component_ref idref="oc-c9"/>
            <object_component_ref idref="oc-14b"/>
            <object_component_ref idref="oc-b0"/>
            <object_component_ref idref="oc-150"/>
            <object_component_ref idref="oc-cc"/>
            <object_component_ref idref="oc-118"/>
            <object_component_ref idref="oc-122"/>
            <object_component_ref idref="oc-113"/>
            <object_component_ref idref="oc-15a"/>
            <object_component_ref idref="oc-155"/>
            <object_component_ref idref="oc-183"/>
            <object_component_ref idref="oc-ac"/>
            <object_component_ref idref="oc-6d"/>
            <object_component_ref idref="oc-ab"/>
            <object_component_ref idref="oc-34"/>
            <object_component_ref idref="oc-145"/>
            <object_component_ref idref="oc-110"/>
            <object_component_ref idref="oc-186"/>
            <object_component_ref idref="oc-15d"/>
            <object_component_ref idref="oc-11f"/>
            <object_component_ref idref="oc-7e"/>
            <object_component_ref idref="oc-3c"/>
            <object_component_ref idref="oc-3f"/>
            <object_component_ref idref="oc-7b"/>
            <object_component_ref idref="oc-b8"/>
            <object_component_ref idref="oc-2c"/>
            <object_component_ref idref="oc-2f"/>
            <object_component_ref idref="oc-b5"/>
            <object_component_ref idref="oc-74"/>
            <object_component_ref idref="oc-70"/>
            <object_component_ref idref="oc-9c"/>
            <object_component_ref idref="oc-78"/>
            <object_component_ref idref="oc-16e"/>
            <object_component_ref idref="oc-12f"/>
            <object_component_ref idref="oc-172"/>
            <object_component_ref idref="oc-18d"/>
            <object_component_ref idref="oc-177"/>
            <object_component_ref idref="oc-17c"/>
            <object_component_ref idref="oc-c2"/>
            <object_component_ref idref="oc-125"/>
            <object_component_ref idref="oc-1cc"/>
         </contents>
      </logical_group>
      <logical_group id="lg-1b6" display="never" color="cyan">
         <name>.debug_str</name>
         <load_address>0x0</load_address>
         <run_address>0x0</run_address>
         <size>0x360c</size>
         <contents>
            <object_component_ref idref="oc-14d"/>
            <object_component_ref idref="oc-b2"/>
            <object_component_ref idref="oc-152"/>
            <object_component_ref idref="oc-ce"/>
            <object_component_ref idref="oc-11a"/>
            <object_component_ref idref="oc-124"/>
            <object_component_ref idref="oc-115"/>
            <object_component_ref idref="oc-15c"/>
            <object_component_ref idref="oc-157"/>
            <object_component_ref idref="oc-185"/>
            <object_component_ref idref="oc-36"/>
            <object_component_ref idref="oc-41"/>
            <object_component_ref idref="oc-7d"/>
            <object_component_ref idref="oc-31"/>
            <object_component_ref idref="oc-b7"/>
            <object_component_ref idref="oc-76"/>
            <object_component_ref idref="oc-174"/>
            <object_component_ref idref="oc-18f"/>
            <object_component_ref idref="oc-179"/>
            <object_component_ref idref="oc-17e"/>
         </contents>
      </logical_group>
      <logical_group id="lg-1b8" display="never" color="cyan">
         <name>.debug_aranges</name>
         <load_address>0x0</load_address>
         <run_address>0x0</run_address>
         <size>0x1c0</size>
         <contents>
            <object_component_ref idref="oc-95"/>
            <object_component_ref idref="oc-69"/>
            <object_component_ref idref="oc-a7"/>
            <object_component_ref idref="oc-c5"/>
            <object_component_ref idref="oc-1e"/>
            <object_component_ref idref="oc-1a"/>
            <object_component_ref idref="oc-57"/>
            <object_component_ref idref="oc-38"/>
            <object_component_ref idref="oc-dd"/>
            <object_component_ref idref="oc-8f"/>
            <object_component_ref idref="oc-d2"/>
         </contents>
      </logical_group>
      <logical_group id="lg-1ba" display="never" color="cyan">
         <name>.debug_pubnames</name>
         <load_address>0x0</load_address>
         <run_address>0x0</run_address>
         <size>0x37e</size>
         <contents>
            <object_component_ref idref="oc-96"/>
            <object_component_ref idref="oc-28"/>
            <object_component_ref idref="oc-6a"/>
            <object_component_ref idref="oc-10f"/>
            <object_component_ref idref="oc-a8"/>
            <object_component_ref idref="oc-11e"/>
            <object_component_ref idref="oc-c6"/>
            <object_component_ref idref="oc-22"/>
            <object_component_ref idref="oc-19"/>
            <object_component_ref idref="oc-2b"/>
            <object_component_ref idref="oc-5a"/>
            <object_component_ref idref="oc-3b"/>
            <object_component_ref idref="oc-de"/>
            <object_component_ref idref="oc-90"/>
            <object_component_ref idref="oc-d3"/>
         </contents>
      </logical_group>
      <logical_group id="lg-1bc" display="never" color="cyan">
         <name>.debug_pubtypes</name>
         <load_address>0x0</load_address>
         <run_address>0x0</run_address>
         <size>0x12d3</size>
         <contents>
            <object_component_ref idref="oc-14a"/>
            <object_component_ref idref="oc-af"/>
            <object_component_ref idref="oc-14f"/>
            <object_component_ref idref="oc-cb"/>
            <object_component_ref idref="oc-117"/>
            <object_component_ref idref="oc-121"/>
            <object_component_ref idref="oc-112"/>
            <object_component_ref idref="oc-159"/>
            <object_component_ref idref="oc-154"/>
            <object_component_ref idref="oc-182"/>
            <object_component_ref idref="oc-33"/>
            <object_component_ref idref="oc-3e"/>
            <object_component_ref idref="oc-7a"/>
            <object_component_ref idref="oc-2e"/>
            <object_component_ref idref="oc-b4"/>
            <object_component_ref idref="oc-73"/>
            <object_component_ref idref="oc-171"/>
            <object_component_ref idref="oc-18c"/>
            <object_component_ref idref="oc-176"/>
            <object_component_ref idref="oc-17b"/>
         </contents>
      </logical_group>
      <logical_group id="lg-1c9" display="no" color="cyan">
         <name>Veneer$$CMSE</name>
         <run_address>0x0</run_address>
         <size>0x0</size>
         <contents>
         </contents>
      </logical_group>
      <load_segment id="lg-1cd" display="no" color="cyan">
         <name>SEGMENT_0</name>
         <load_address>0x0</load_address>
         <run_address>0x0</run_address>
         <size>0xa68</size>
         <flags>0x5</flags>
         <contents>
            <logical_group_ref idref="lg-3"/>
            <logical_group_ref idref="lg-4"/>
            <logical_group_ref idref="lg-5"/>
            <logical_group_ref idref="lg-6"/>
         </contents>
      </load_segment>
      <load_segment id="lg-1ce" display="no" color="cyan">
         <name>SEGMENT_1</name>
         <run_address>0x20000000</run_address>
         <size>0x4</size>
         <flags>0x6</flags>
         <contents>
            <logical_group_ref idref="lg-e"/>
         </contents>
      </load_segment>
      <load_segment id="lg-1cf" display="no" color="cyan">
         <name>SEGMENT_2</name>
         <run_address>0x2000fe00</run_address>
         <size>0x200</size>
         <flags>0x6</flags>
         <contents>
            <logical_group_ref idref="lg-11"/>
         </contents>
      </load_segment>
   </logical_group_list>
   <placement_map>
      <memory_area display="yes" color="green">
         <name>MAIN</name>
         <page_id>0x0</page_id>
         <origin>0x0</origin>
         <length>0x40000</length>
         <used_space>0xa68</used_space>
         <unused_space>0x3f598</unused_space>
         <attributes>RX</attributes>
         <usage_details>
            <allocated_space>
               <start_address>0x0</start_address>
               <size>0x0</size>
               <logical_group_ref idref="lg-9"/>
            </allocated_space>
            <allocated_space>
               <start_address>0x0</start_address>
               <size>0xe4</size>
               <logical_group_ref idref="lg-3"/>
            </allocated_space>
            <allocated_space>
               <start_address>0xe4</start_address>
               <size>0x93c</size>
               <logical_group_ref idref="lg-4"/>
            </allocated_space>
            <allocated_space>
               <start_address>0xa20</start_address>
               <size>0x30</size>
               <logical_group_ref idref="lg-5"/>
            </allocated_space>
            <allocated_space>
               <start_address>0xa50</start_address>
               <size>0x18</size>
               <logical_group_ref idref="lg-6"/>
            </allocated_space>
            <available_space>
               <start_address>0xa68</start_address>
               <size>0x3f598</size>
            </available_space>
         </usage_details>
      </memory_area>
      <memory_area display="yes" color="green">
         <name>INFO</name>
         <page_id>0x0</page_id>
         <origin>0x200000</origin>
         <length>0x4000</length>
         <used_space>0x0</used_space>
         <unused_space>0x4000</unused_space>
         <attributes>RX</attributes>
         <usage_details>
         </usage_details>
      </memory_area>
      <memory_area display="yes" color="green">
         <name>SRAM_CODE</name>
         <page_id>0x0</page_id>
         <origin>0x1000000</origin>
         <length>0x10000</length>
         <used_space>0x204</used_space>
         <unused_space>0xfdfc</unused_space>
         <attributes>RWX</attributes>
         <usage_details>
            <allocated_space>
               <start_address>0x1000000</start_address>
               <size>0x0</size>
               <logical_group_ref idref="lg-199"/>
            </allocated_space>
            <allocated_space>
               <start_address>0x1000000</start_address>
               <size>0x4</size>
               <logical_group_ref idref="lg-e"/>
            </allocated_space>
            <available_space>
               <start_address>0x1000004</start_address>
               <size>0xfdfc</size>
            </available_space>
            <allocated_space>
               <start_address>0x100fe00</start_address>
               <size>0x200</size>
               <logical_group_ref idref="lg-11"/>
            </allocated_space>
         </usage_details>
      </memory_area>
      <memory_area display="yes" color="green">
         <name>SRAM_DATA</name>
         <page_id>0x0</page_id>
         <origin>0x20000000</origin>
         <length>0x10000</length>
         <used_space>0x204</used_space>
         <unused_space>0xfdfc</unused_space>
         <attributes>RW</attributes>
         <usage_details>
            <allocated_space>
               <start_address>0x20000000</start_address>
               <size>0x0</size>
               <logical_group_ref idref="lg-199"/>
            </allocated_space>
            <allocated_space>
               <start_address>0x20000000</start_address>
               <size>0x4</size>
               <logical_group_ref idref="lg-e"/>
            </allocated_space>
            <available_space>
               <start_address>0x20000004</start_address>
               <size>0xfdfc</size>
            </available_space>
            <allocated_space>
               <start_address>0x2000fe00</start_address>
               <size>0x200</size>
               <logical_group_ref idref="lg-11"/>
            </allocated_space>
         </usage_details>
      </memory_area>
   </placement_map>
   <cptbl_list>
      <cptbl>
         <name>__TI_cinit_table</name>
         <cprec>
            <name>.data</name>
            <load_address>0xa50</load_address>
            <load_size>0x8</load_size>
            <run_address>0x20000000</run_address>
            <run_size>0x4</run_size>
            <compression>lzss</compression>
         </cprec>
      </cptbl>
   </cptbl_list>
   <handler_table>
      <handler_table_name>__TI_handler_table</handler_table_name>
      <handler>
         <index>0x0</index>
         <name>__TI_decompress_lzss</name>
      </handler>
      <handler>
         <index>0x1</index>
         <name>__TI_decompress_none</name>
      </handler>
   </handler_table>
   <symbol_table>
      <symbol id="sm-1">
         <name>WDTCTL_SYM</name>
         <value>0x4000480c</value>
      </symbol>
      <symbol id="sm-2">
         <name>__start___llvm_prf_cnts</name>
         <value>0x20000000</value>
      </symbol>
      <symbol id="sm-3">
         <name>__stop___llvm_prf_cnts</name>
         <value>0x20000000</value>
      </symbol>
      <symbol id="sm-4">
         <name>__TI_CINIT_Base</name>
         <value>0xa60</value>
      </symbol>
      <symbol id="sm-5">
         <name>__TI_CINIT_Limit</name>
         <value>0xa68</value>
      </symbol>
      <symbol id="sm-6">
         <name>__TI_Handler_Table_Base</name>
         <value>0xa58</value>
      </symbol>
      <symbol id="sm-7">
         <name>__TI_Handler_Table_Limit</name>
         <value>0xa60</value>
      </symbol>
      <symbol id="sm-8">
         <name>binit</name>
         <value>0xffffffff</value>
      </symbol>
      <symbol id="sm-9">
         <name>__binit__</name>
         <value>0xffffffff</value>
      </symbol>
      <symbol id="sm-a">
         <name>__STACK_SIZE</name>
         <value>0x200</value>
      </symbol>
      <symbol id="sm-b">
         <name>__STACK_END</name>
         <value>0x20010000</value>
      </symbol>
      <symbol id="sm-c">
         <name>__c_args__</name>
         <value>0xffffffff</value>
      </symbol>
      <symbol id="sm-d">
         <name>__TI_pprof_out_hndl</name>
         <value>0xffffffff</value>
      </symbol>
      <symbol id="sm-e">
         <name>__TI_prof_data_start</name>
         <value>0xffffffff</value>
      </symbol>
      <symbol id="sm-f">
         <name>__TI_prof_data_size</name>
         <value>0xffffffff</value>
      </symbol>
      <symbol id="sm-74">
         <name>main</name>
         <value>0x88d</value>
         <object_component_ref idref="oc-93"/>
      </symbol>
      <symbol id="sm-8e">
         <name>Reset_Handler</name>
         <value>0xa0b</value>
         <object_component_ref idref="oc-67"/>
      </symbol>
      <symbol id="sm-8f">
         <name>Default_Handler</name>
         <value>0xa17</value>
         <object_component_ref idref="oc-67"/>
      </symbol>
      <symbol id="sm-90">
         <name>interruptVectors</name>
         <value>0x0</value>
         <object_component_ref idref="oc-26"/>
      </symbol>
      <symbol id="sm-d8">
         <name>SystemInit</name>
         <value>0x735</value>
         <object_component_ref idref="oc-a5"/>
      </symbol>
      <symbol id="sm-d9">
         <name>SystemCoreClockUpdate</name>
         <value>0x4bd</value>
         <object_component_ref idref="oc-a5"/>
      </symbol>
      <symbol id="sm-da">
         <name>SystemCoreClock</name>
         <value>0x20000000</value>
         <object_component_ref idref="oc-10d"/>
      </symbol>
      <symbol id="sm-125">
         <name>GPIO_setBitIO</name>
         <value>0x123</value>
         <object_component_ref idref="oc-c3"/>
      </symbol>
      <symbol id="sm-126">
         <name>GPIO_init_board</name>
         <value>0xe5</value>
         <object_component_ref idref="oc-c3"/>
      </symbol>
      <symbol id="sm-127">
         <name>GPIO_getInterruptStatus</name>
         <value>0x2ed</value>
         <object_component_ref idref="oc-c3"/>
      </symbol>
      <symbol id="sm-128">
         <name>GPIO_enableInterrupt</name>
         <value>0x287</value>
         <object_component_ref idref="oc-c3"/>
      </symbol>
      <symbol id="sm-129">
         <name>GPIO_interruptEdgeSelect</name>
         <value>0x30b</value>
         <object_component_ref idref="oc-c3"/>
      </symbol>
      <symbol id="sm-12a">
         <name>GPIO_clearInterruptFlag</name>
         <value>0x2cb</value>
         <object_component_ref idref="oc-c3"/>
      </symbol>
      <symbol id="sm-12b">
         <name>GPIO_setOutput</name>
         <value>0x203</value>
         <object_component_ref idref="oc-c3"/>
      </symbol>
      <symbol id="sm-12c">
         <name>GPIO_setAsPeripheralModuleFunctionOutputPin</name>
         <value>0x395</value>
         <object_component_ref idref="oc-c3"/>
      </symbol>
      <symbol id="sm-12d">
         <name>GPIO_getInputPinValue</name>
         <value>0x341</value>
         <object_component_ref idref="oc-c3"/>
      </symbol>
      <symbol id="sm-12e">
         <name>GPIO_setAsPeripheralModuleFunctionInputPin</name>
         <value>0x431</value>
         <object_component_ref idref="oc-c3"/>
      </symbol>
      <symbol id="sm-12f">
         <name>GPIO_disableInterrupt</name>
         <value>0x2a9</value>
         <object_component_ref idref="oc-c3"/>
      </symbol>
      <symbol id="sm-147">
         <name>__TI_decompress_none</name>
         <value>0x9fd</value>
         <object_component_ref idref="oc-1d"/>
      </symbol>
      <symbol id="sm-16a">
         <name>__TI_decompress_lzss</name>
         <value>0x91d</value>
         <object_component_ref idref="oc-17"/>
      </symbol>
      <symbol id="sm-17d">
         <name>__stack</name>
         <value>0x2000fe00</value>
         <object_component_ref idref="oc-29"/>
      </symbol>
      <symbol id="sm-17e">
         <name>_c_int00_noargs</name>
         <value>0x9c9</value>
         <object_component_ref idref="oc-55"/>
      </symbol>
      <symbol id="sm-19a">
         <name>memcpy</name>
         <value>0x7f1</value>
         <object_component_ref idref="oc-37"/>
      </symbol>
      <symbol id="sm-19b">
         <name>__aeabi_memcpy</name>
         <value>0x7f1</value>
         <object_component_ref idref="oc-37"/>
      </symbol>
      <symbol id="sm-19c">
         <name>__aeabi_memcpy8</name>
         <value>0x7f1</value>
         <object_component_ref idref="oc-37"/>
      </symbol>
      <symbol id="sm-19d">
         <name>__aeabi_memcpy4</name>
         <value>0x7f1</value>
         <object_component_ref idref="oc-37"/>
      </symbol>
      <symbol id="sm-1c5">
         <name>__TI_auto_init_nobinit_nopinit</name>
         <value>0x985</value>
         <object_component_ref idref="oc-db"/>
      </symbol>
      <symbol id="sm-1cf">
         <name>_system_pre_init</name>
         <value>0xa19</value>
         <object_component_ref idref="oc-8d"/>
      </symbol>
      <symbol id="sm-1db">
         <name>C$$EXIT</name>
         <value>0xa1d</value>
         <object_component_ref idref="oc-cf"/>
      </symbol>
      <symbol id="sm-1dc">
         <name>abort</name>
         <value>0xa1d</value>
         <object_component_ref idref="oc-cf"/>
      </symbol>
      <symbol id="sm-1df">
         <name>__TI_static_base__</name>
         <value>0x0</value>
      </symbol>
      <symbol id="sm-1e2">
         <name>__mpu_init</name>
         <value>0x0</value>
      </symbol>
      <symbol id="sm-1e3">
         <name>_system_post_cinit</name>
         <value>0x0</value>
      </symbol>
      <symbol id="sm-1e4">
         <name>NMI_Handler</name>
         <value>0xa17</value>
      </symbol>
      <symbol id="sm-1e5">
         <name>HardFault_Handler</name>
         <value>0xa17</value>
      </symbol>
      <symbol id="sm-1e6">
         <name>MemManage_Handler</name>
         <value>0xa17</value>
      </symbol>
      <symbol id="sm-1e7">
         <name>BusFault_Handler</name>
         <value>0xa17</value>
      </symbol>
      <symbol id="sm-1e8">
         <name>UsageFault_Handler</name>
         <value>0xa17</value>
      </symbol>
      <symbol id="sm-1e9">
         <name>SVC_Handler</name>
         <value>0xa17</value>
      </symbol>
      <symbol id="sm-1ea">
         <name>DebugMon_Handler</name>
         <value>0xa17</value>
      </symbol>
      <symbol id="sm-1eb">
         <name>PendSV_Handler</name>
         <value>0xa17</value>
      </symbol>
      <symbol id="sm-1ec">
         <name>SysTick_Handler</name>
         <value>0xa17</value>
      </symbol>
      <symbol id="sm-1ed">
         <name>PSS_IRQHandler</name>
         <value>0xa17</value>
      </symbol>
      <symbol id="sm-1ee">
         <name>CS_IRQHandler</name>
         <value>0xa17</value>
      </symbol>
      <symbol id="sm-1ef">
         <name>PCM_IRQHandler</name>
         <value>0xa17</value>
      </symbol>
      <symbol id="sm-1f0">
         <name>WDT_A_IRQHandler</name>
         <value>0xa17</value>
      </symbol>
      <symbol id="sm-1f1">
         <name>FPU_IRQHandler</name>
         <value>0xa17</value>
      </symbol>
      <symbol id="sm-1f2">
         <name>FLCTL_IRQHandler</name>
         <value>0xa17</value>
      </symbol>
      <symbol id="sm-1f3">
         <name>COMP_E0_IRQHandler</name>
         <value>0xa17</value>
      </symbol>
      <symbol id="sm-1f4">
         <name>COMP_E1_IRQHandler</name>
         <value>0xa17</value>
      </symbol>
      <symbol id="sm-1f5">
         <name>TA0_0_IRQHandler</name>
         <value>0xa17</value>
      </symbol>
      <symbol id="sm-1f6">
         <name>TA0_N_IRQHandler</name>
         <value>0xa17</value>
      </symbol>
      <symbol id="sm-1f7">
         <name>TA1_0_IRQHandler</name>
         <value>0xa17</value>
      </symbol>
      <symbol id="sm-1f8">
         <name>TA1_N_IRQHandler</name>
         <value>0xa17</value>
      </symbol>
      <symbol id="sm-1f9">
         <name>TA2_0_IRQHandler</name>
         <value>0xa17</value>
      </symbol>
      <symbol id="sm-1fa">
         <name>TA2_N_IRQHandler</name>
         <value>0xa17</value>
      </symbol>
      <symbol id="sm-1fb">
         <name>TA3_0_IRQHandler</name>
         <value>0xa17</value>
      </symbol>
      <symbol id="sm-1fc">
         <name>TA3_N_IRQHandler</name>
         <value>0xa17</value>
      </symbol>
      <symbol id="sm-1fd">
         <name>EUSCIA0_IRQHandler</name>
         <value>0xa17</value>
      </symbol>
      <symbol id="sm-1fe">
         <name>EUSCIA1_IRQHandler</name>
         <value>0xa17</value>
      </symbol>
      <symbol id="sm-1ff">
         <name>EUSCIA2_IRQHandler</name>
         <value>0xa17</value>
      </symbol>
      <symbol id="sm-200">
         <name>EUSCIA3_IRQHandler</name>
         <value>0xa17</value>
      </symbol>
      <symbol id="sm-201">
         <name>EUSCIB0_IRQHandler</name>
         <value>0xa17</value>
      </symbol>
      <symbol id="sm-202">
         <name>EUSCIB1_IRQHandler</name>
         <value>0xa17</value>
      </symbol>
      <symbol id="sm-203">
         <name>EUSCIB2_IRQHandler</name>
         <value>0xa17</value>
      </symbol>
      <symbol id="sm-204">
         <name>EUSCIB3_IRQHandler</name>
         <value>0xa17</value>
      </symbol>
      <symbol id="sm-205">
         <name>ADC14_IRQHandler</name>
         <value>0xa17</value>
      </symbol>
      <symbol id="sm-206">
         <name>T32_INT1_IRQHandler</name>
         <value>0xa17</value>
      </symbol>
      <symbol id="sm-207">
         <name>T32_INT2_IRQHandler</name>
         <value>0xa17</value>
      </symbol>
      <symbol id="sm-208">
         <name>T32_INTC_IRQHandler</name>
         <value>0xa17</value>
      </symbol>
      <symbol id="sm-209">
         <name>AES256_IRQHandler</name>
         <value>0xa17</value>
      </symbol>
      <symbol id="sm-20a">
         <name>RTC_C_IRQHandler</name>
         <value>0xa17</value>
      </symbol>
      <symbol id="sm-20b">
         <name>DMA_ERR_IRQHandler</name>
         <value>0xa17</value>
      </symbol>
      <symbol id="sm-20c">
         <name>DMA_INT3_IRQHandler</name>
         <value>0xa17</value>
      </symbol>
      <symbol id="sm-20d">
         <name>DMA_INT2_IRQHandler</name>
         <value>0xa17</value>
      </symbol>
      <symbol id="sm-20e">
         <name>DMA_INT1_IRQHandler</name>
         <value>0xa17</value>
      </symbol>
      <symbol id="sm-20f">
         <name>DMA_INT0_IRQHandler</name>
         <value>0xa17</value>
      </symbol>
      <symbol id="sm-210">
         <name>PORT1_IRQHandler</name>
         <value>0xa17</value>
      </symbol>
      <symbol id="sm-211">
         <name>PORT2_IRQHandler</name>
         <value>0xa17</value>
      </symbol>
      <symbol id="sm-212">
         <name>PORT3_IRQHandler</name>
         <value>0xa17</value>
      </symbol>
      <symbol id="sm-213">
         <name>PORT4_IRQHandler</name>
         <value>0xa17</value>
      </symbol>
      <symbol id="sm-214">
         <name>PORT5_IRQHandler</name>
         <value>0xa17</value>
      </symbol>
      <symbol id="sm-215">
         <name>PORT6_IRQHandler</name>
         <value>0xa17</value>
      </symbol>
   </symbol_table>
   <title>Link successful</title>
</link_info>
